date,text,username,tweet_clean,tweet_sentiment
2014-12-13 23:23:00,"Reached Alarming proportion.! RT "" @BDUTT: Wonder why air pollution not a bigger story? Or do we have a collective death wish?""",ptiwari007,"Reached Alarming proportion. RT Wonder why air pollution not a bigger story Or do we have a collective death wish?""",negative
2014-11-05 13:32:01,@niubi @PaulCarsten Ever heard this？ How Beijingers interpret #APEC = Air Pollution Eventually Controlled... #Epic,SummerKar,Ever heard this How Beijingers interpret #APEC Air Pollution Eventually Controlled.. #Epic,positive
2014-10-15 10:46:31,#what #the #weather #fogy #day #why #all #air #pollution #chesad @somewhere http://instagram.com/p/uK5jtsQvr7/,Leggotunglei,#what #the #weather #fogy #day #why #all #air #pollution #chesad http://instagram.com/p/uK5jtsQvr7/,neutral
2014-09-30 05:58:12,Hong Kong qu nar? Sweet Jesus!!! Air pollution getting worst...we need some rain over here... @Kkmall… http://instagram.com/p/tjwo_JIqF7/,Angiesamai,Hong Kong qu nar Sweet Jesus!! Air pollution getting worst...we need some rain over here.. http://instagram.com/p/tjwo_JIqF7/,positive
2014-09-30 04:28:54,"I wonder if the roadside air pollution around Admiralty got measurably better, now that there's no traffic.",smartjolin,I wonder if the roadside air pollution around Admiralty got measurably better now that there's no traffic.,positive
2014-09-25 10:25:00,The air pollution in tung chung was bad today pic.twitter.com/I7X0QqdZjt,DzinaHK,The air pollution in tung chung was bad today pic.twitter.com/I7X0QqdZjt,negative
2014-09-20 09:22:36,"Well hello #HK! @#The#Peak with parents. #nofilter #HKair #airpollution @The Sky Terrace, The Peak,… http://instagram.com/p/tKYFPQJvqV/",winnieyeunghk,"Well hello #HK @#The#Peak with parents #nofilter #HKair #airpollution Sky Terrace The Peak, http://instagram.com/p/tKYFPQJvqV/",neutral
2014-07-12 06:28:16,If the #hongkong government cared about air pollution days like today would be the norm not the… http://instagram.com/p/qV0fJuByKd/,PenguinSix,If the #hongkong government cared about air pollution days like today would be the norm not the http://instagram.com/p/qV0fJuByKd/,neutral
2014-07-11 12:55:28,Shout out to Hong Kong air pollution for being way worse on interior streets at night. Elite level irritated eyes and lungs.,caseyayers,Shout out to Hong Kong air pollution for being way worse on interior streets at night Elite level irritated eyes and lungs.,negative
2014-05-05 01:49:20,Worth repeating: Hong Kong attempts to address indoor air pollution. pic.twitter.com/AdoljUcfEC,TroyWSJ,Worth repeating Hong Kong attempts to address indoor air pollution pic.twitter.com/AdoljUcfEC,positive
2014-04-12 12:27:40,"@LiuYeeYan wait, the cause of the health problems might be air pollution ah",Wing_Germanotta,wait the cause of the health problems might be air pollution ah,neutral
2014-04-11 08:14:43,On photography assignment: Air pollution Meet my baby!!! :-* #TST #theamazingspiderman #love #marvel… http://instagram.com/p/mpHiX9hBUY/,nicolekitkit,On photography assignment Air pollution Meet my baby!! :- #TST #theamazingspiderman #love #marvel http://instagram.com/p/mpHiX9hBUY/,positive
2014-03-25 08:40:40,"Robert Friedland, Ivanhoe Mines: Toyota, Honda, Hyundai and Nissan-Renault cars will cut harmful exhausts to fight air pollution #mmhk2014",Batzul,Robert Friedland Ivanhoe Mines Toyota Honda Hyundai and Nissan-Renault cars will cut harmful exhausts to fight air pollution #mmhk2014,neutral
2014-03-25 08:35:52,"Robert Friedland, Ivanhoe Mines: Electric car is a ""fraud"", because electricity is produced by burning coal in China #airpollution #mmhk2014",Batzul,"Robert Friedland Ivanhoe Mines Electric car is a ""fraud"" because electricity is produced by burning coal in China #airpollution #mmhk2014",neutral
2014-03-19 12:03:46,Low sulfur switch for cruise ships please! #hongkong #airpollution #action http://shipandbunker.com/news/apac/441124-low-sulfur-switch-for-hong-kong-cruise-ships-would-drop-so2-by-71 …,anitam_852,Low sulfur switch for cruise ships please #hongkong #airpollution #action http://shipandbunker.com/news/apac/441124-low-sulfur-switch-for-hong-kong-cruise-ships-would-drop-so2-by-71 …,positive
2014-03-19 06:15:19,#ummmm #chemical #factory #release #smoke #discoid #the #air #pollution #chesad @somewhere http://instagram.com/p/ltrlutwvsa/,Leggotunglei,#ummmm #chemical #factory #release #smoke #discoid #the #air #pollution #chesad http://instagram.com/p/ltrlutwvsa/,neutral
2014-03-17 14:58:46,"Paris bans cars, makes transit free to fight air pollution http://zite.to/1mc5vbw",Leggotunglei,Paris bans cars makes transit free to fight air pollution http://zite.to/1mc5vbw,positive
2014-03-17 05:13:52,I am surprised the French did not tackle Parisian air pollution by declaring 2 weeks of holiday.,ctaihui,I am surprised the French did not tackle Parisian air pollution by declaring 2 weeks of holiday.,positive
2014-03-03 03:17:35,"Hong Kong of yesterday. This is not the air pollution, just cloudy. @Star Ferry Pier (Tsim Sha Tsui)… http://instagram.com/p/lEKh7ZjM-u/",adesignerjp,Hong Kong of yesterday This is not the air pollution just cloudy Ferry Pier (Tsim Sha Tsui) http://instagram.com/p/lEKh7ZjM-u/,neutral
2013-12-10 09:52:16,Instagram has a new filter. #hongkong air pollution. @1 Chatham Path http://instagram.com/p/hvJpqPhyBa/,PenguinSix,Instagram has a new filter #hongkong air pollution Chatham Path http://instagram.com/p/hvJpqPhyBa/,positive
2013-12-10 07:10:19,#hongkong chief executive activates air pollution missile defense system. Don't you feel safer? @Star… http://instagram.com/p/hu3F1dhyEp/,PenguinSix,#hongkong chief executive activates air pollution missile defense system Don't you feel safer http://instagram.com/p/hu3F1dhyEp/,neutral
2013-12-08 03:13:00,air pollution doe,gunsgopau,air pollution doe,neutral
2013-12-04 11:21:42,seem not to be so bad air pollution in Hong Kong.,shosho,seem not to be so bad air pollution in Hong Kong.,negative
2013-11-22 02:28:02,"Dr. Jennie Mui Lee criticizes HK's high transportation fares, air pollution and real estate developers at CUHK graduation address #HK #CUHK",duwenzhe,Dr Jennie Mui Lee criticizes HK's high transportation fares air pollution and real estate developers at CUHK graduation address #HK #CUHK,positive
2013-10-03 02:47:42,“ @youngposthk: #HongKong’s Air Pollution Index was “very high”...this morning. #airpollution #HKproblems” Still breathing?Not that bad then,johnALnicolas,#HongKong’s Air Pollution Index was “very high”...this morning #airpollution #HKproblems Still breathing?Not that bad then,negative
2013-08-21 08:42:01,WhereDidKowloonGo?? Hong Kong Air Pollution Index popping 100. Hold your breath! @Panorama Gardens 景雅花園 http://instagram.com/p/dRNTLWsPpm/,sergiofly,WhereDidKowloonGo? Hong Kong Air Pollution Index popping 100 Hold your breath Gardens 景雅花 http://instagram.com/p/dRNTLWsPpm/,neutral
2013-08-21 02:01:22,#Hongkong air pollution terrible this morning. Wind from NW so mainland crap dumped on us again. #China,Roy_Allen,#Hongkong air pollution terrible this morning Wind from NW so mainland crap dumped on us again #China,negative
2013-08-09 02:08:49,"""Minibuses and Taxis Responsible For Up To 40% Of Roadside Nitrogen Dioxide Pollution"" #HongKong #air #pollution @cleanairnetwork",adfx,"""Minibuses and Taxis Responsible For Up To 40 Of Roadside Nitrogen Dioxide Pollution #HongKong #air #pollution",positive
2013-08-02 15:27:53,"@zhongnanhai @ChinaRealTime 40% of city's air pollution? That's not what the article says. ""40% of some kinds of roadside pollution.""",Roy_Allen,"40 of city's air pollution That's not what the article says ""40 of some kinds of roadside pollution.""",neutral
2013-07-02 15:02:10,@iamrabbit wow nice!!! But take care ar! The air pollution problem still not improved^^,_dearyesung_,wow nice!! But take care ar The air pollution problem still not improved^^,positive
2013-05-29 11:29:23,@JeromeTaylor Prevalence of Myopia here in Hong Kong is high & escalating. Contacts = more irritation due to air pollution/conditioning.,LanyLopez,Prevalence of Myopia here in Hong Kong is high escalating Contacts more irritation due to air pollution/conditioning.,positive
2013-04-14 05:14:30,Horrid stinky #air #pollution in #HongKong #HK cancels plans for outdoor pursuits (@Diamond Hill 鑽石山) [pic]: http://4sq.com/ZhXUM7,i4harold,Horrid stinky #air #pollution in #HongKong #HK cancels plans for outdoor pursuits ( Hill 鑽石山 [pic] http://4sq.com/ZhXUM7,neutral
2013-04-13 10:48:51,@OfficialDrMike I think a show in the impact of air pollution would be useful.,LawrenceWGray,I think a show in the impact of air pollution would be useful.,positive
2013-04-04 03:21:35,"Good morning Shenzhen! Magnificent view frm 83rd Floor, St Regis Hotel. Air pollution China? What ARE they on about? pic.twitter.com/q62j2k9tmI",adriennegarrard,Good morning Shenzhen Magnificent view frm 83rd Floor St Regis Hotel Air pollution China What ARE they on about pic.twitter.com/q62j2k9tmI,positive
2013-03-17 10:11:01,@dexradio frame is very upgrade able. Winter here not a problem. The air pollution however...,HKSteve33,frame is very upgrade able Winter here not a problem The air pollution however...,positive
2013-02-24 09:59:04,Toronto sunsets are not bad. Bangkok subsets are still the best (largely thanks to the air pollution which spreads the epic color lol),pkennethv,Toronto sunsets are not bad Bangkok subsets are still the best (largely thanks to the air pollution which spreads the epic color lol),positive
2013-01-29 12:31:57,“ @guardianeco: China's air pollution again at danger levels http://gu.com/p/3dd3g/tf ” the west exports pollution & import cheap goods,aboynamedsue_,China's air pollution again at danger levels http://gu.com/p/3dd3g/tf the west exports pollution import cheap goods,positive
2013-01-17 01:24:27,"“ @FactHive: Living in Beijing, China for 1 month is the same as smoking 5 cigarettes due to air pollution in the city.” @kurtcallahan agree?",mmruthai,Living in Beijing China for 1 month is the same as smoking 5 cigarettes due to air pollution in the city. agree?,negative
2013-01-15 16:25:31,"I'm a survivor! "" @TheAtlantic: Beijing's extreme air pollution can be seen from space http://theatln.tc/W85sNv (NASA/NOAA) pic.twitter.com/jywnT3ZA""",aalexchu,"I'm a survivor Beijing's extreme air pollution can be seen from space http://theatln.tc/W85sNv (NASA/NOAA pic.twitter.com/jywnT3ZA""",negative
2013-01-15 16:10:41,China's state media admits to air pollution crisis http://bit.ly/W8vUGO,ThinkerInMotion,China's state media admits to air pollution crisis http://bit.ly/W8vUGO,neutral
2012-12-07 06:17:41,@DelamarArias @chicogarcia dont adapt to air pollution! #BAQ12,mayagx,dont adapt to air pollution #BAQ12,neutral
2012-12-07 00:05:33,@iamapolicious cuz pakishare @cleanairasia dont adapt to air pollution - hairy nose campaign - #BAQ12 http://www.youtube.com/watch?v=Qnpzw893gq8&feature=youtu.be …,mayagx,cuz pakishare dont adapt to air pollution hairy nose campaign #BAQ12 http://www.youtube.com/watch?v=Qnpzw893gq8&feature=youtu.be …,neutral
2012-12-07 00:04:05,@iansomerhalder Please share this video -dont adapt to air pollution @cleanairasia #BAQ12 http://www.youtube.com/watch?v=Qnpzw893gq8&feature=youtu.be …,mayagx,Please share this video -dont adapt to air pollution #BAQ12 http://www.youtube.com/watch?v=Qnpzw893gq8&feature=youtu.be …,neutral
2012-12-07 00:02:48,@MsLeaSalonga @cleanairasia dont adapt to air pollution- hairy nose campaign - #BAQ12 http://www.youtube.com/watch?v=Qnpzw893gq8&feature=youtu.be …,mayagx,dont adapt to air pollution hairy nose campaign #BAQ12 http://www.youtube.com/watch?v=Qnpzw893gq8&feature=youtu.be …,neutral
2012-12-07 00:01:09,@KristieKenney please watch this vid and share @cleanairasia don't adapt to air pollution - hairy nose campaign http://www.youtube.com/watch?v=Qnpzw893gq8&feature=youtu.be … #BAQ12,mayagx,please watch this vid and share don't adapt to air pollution hairy nose campaign http://www.youtube.com/watch?v=Qnpzw893gq8&feature=youtu.be #BAQ12,neutral
2012-12-02 09:58:20,@hypercasey I think you’re the first person to use the phrase “gorgeous air pollution”. :-),zhongnanhai,I think you’re the first person to use the phrase “gorgeous air pollution” :-),positive
2012-11-10 00:21:38,"My left eye has been itching ever since I got here now, my British cleanliness is not used to HK's air pollution.",charlzton,My left eye has been itching ever since I got here now my British cleanliness is not used to HK's air pollution.,neutral
2012-10-18 11:34:17,in central hk I thought the air pollution was the worst I have experienced then just saw the news that it has reached hazardous levels.,seoulinthecity,in central hk I thought the air pollution was the worst I have experienced then just saw the news that it has reached hazardous levels.,positive
2012-10-18 02:12:05,Hong Kong air pollution very high the government issued a health warning for the eighth day running as roadside monitoring stations showed,fedangma,Hong Kong air pollution very high the government issued a health warning for the eighth day running as roadside monitoring stations showed,positive
2012-08-29 02:47:21,#hongkong has an #airpollution problem. You can smell it. #pollution #hk @Central 中環 http://instagr.am/p/O5SbZRhIuH/,parvictor,#hongkong has an #airpollution problem You can smell it #pollution #hk 中 http://instagr.am/p/O5SbZRhIuH/,neutral
2012-08-08 06:19:10,Horrible air #pollution completely obscuring Beacon Hill (@The Sky Garden) [pic]: http://4sq.com/ON3jWx,i4harold,Horrible air #pollution completely obscuring Beacon Hill ( Sky Garden [pic] http://4sq.com/ON3jWx,negative
2012-08-08 03:34:28,“ @AirPollutionnew: Hong Kong Air Pollution 'Very High' at All 3 Roadside Stations - Bloomberg http://bit.ly/Qe8Amk ” ai-yaaa!,lizzialcita,Hong Kong Air Pollution 'Very High at All 3 Roadside Stations Bloomberg http://bit.ly/Qe8Amk ai-yaaa!,positive
2012-08-05 02:20:21,Back in Hong Kong! Ughhh. Air pollution !! Missing Kyoto and Amami now. Deep cleansing facial must book soon !!,prettybooked,Back in Hong Kong Ughhh Air pollution ! Missing Kyoto and Amami now Deep cleansing facial must book soon !!,negative
2012-08-03 01:18:01,air pollution from where I am now... pic.twitter.com/qrlG6Q6Q,aerand12,air pollution from where I am now.. pic.twitter.com/qrlG6Q6Q,neutral
2012-07-06 12:07:36,Hell RT @scala: International - Michael Zhao - A Stunning Visualization of China's Air Pollution - The Atlantic http://bit.ly/MZncpD,hnjhj,Hell RT International Michael Zhao A Stunning Visualization of China's Air Pollution The Atlantic http://bit.ly/MZncpD,positive
2012-04-21 05:14:02,#hk http://yfrog.com/hslhsbej shows the air #pollution is back in #HongKong today,i4harold,#hk http://yfrog.com/hslhsbej shows the air #pollution is back in #HongKong today,neutral
2012-04-21 03:00:53,Today's air pollution is quite bad! Even Times Square seems hazey! @Hong Kong Flute Centre http://instagr.am/p/JqnRZrtHNa/,stephenleemusic,Today's air pollution is quite bad Even Times Square seems hazey Kong Flute Centre http://instagr.am/p/JqnRZrtHNa/,negative
2011-12-18 17:50:07,Air pollution in Hong Kong is causing my bronchitis to flare up ... I hate it here.,jtr0nic,Air pollution in Hong Kong is causing my bronchitis to flare up .. I hate it here.,negative
2011-11-22 00:58:41,6 mile run this morning cut short by bizarre looking air pollution on track air looked brown?? Decided to go inside!,AndrewWoods2,6 mile run this morning cut short by bizarre looking air pollution on track air looked brown? Decided to go inside!,positive
2011-07-15 09:26:49,"just standing here looking at all the air pollution, the frequent passing of ships and boats, also the sun revealing from behind the clouds.",ssmifff,just standing here looking at all the air pollution the frequent passing of ships and boats also the sun revealing from behind the clouds.,negative
2011-07-08 09:30:41,Kwung tong is seriously polluted. Its so stuffy! Hardly breathing.. Taking in air pollution.,kitty_cheung,Kwung tong is seriously polluted Its so stuffy Hardly breathing. Taking in air pollution.,negative
2011-07-06 13:32:38,Shocking. @cleanairnetwork RT @fastcompany: Not good for lungs tests show air pollution affects the brain and depression http://bit.ly/qUbRWw,JaumePrimero,Shocking RT Not good for lungs tests show air pollution affects the brain and depression http://bit.ly/qUbRWw,negative
2011-04-27 11:03:55,"@ke_mo__07_09 Thank you so much. I have Allergic rhinitis, because Hong Kong's air pollution is very serious",HelloCheukling,_mo__07_09 Thank you so much I have Allergic rhinitis because Hong Kong's air pollution is very serious,negative
2011-04-12 11:02:07,The great thing about air pollution is how you can look right at the sun. #china,__P__J,The great thing about air pollution is how you can look right at the sun #china,positive
2011-01-20 04:12:49,am reviewing d HK's air pollution control ordinance.. and me dont knouw wher to start.. http://www.koprol.com/s/1F7An,dialektikaksara,am reviewing d HK's air pollution control ordinance. and me dont knouw wher to start. http://www.koprol.com/s/1F7An,neutral
2019-07-04 07:10:09,How bad is the air pollution in #Jakarta? Just ask the residents suing the government https://buff.ly/2KWGnsF By @restyworo,SCMPAsia,How bad is the air pollution in #Jakarta Just ask the residents suing the government https://buff.ly/2KWGnsF By,negative
2019-07-03 14:33:33,"Petition: Call Actions for Air Pollution in Hong Kong According to the WHO, Air pollution kills 4.2 million people each year, this is more than half the population of Hong Kong. According to studies conducted by the HKU, increasing concentrations of particulate matter, … pic.twitter.com/2SxYmJmDMa",support_hk,Petition Call Actions for Air Pollution in Hong Kong According to the WHO Air pollution kills 4.2 million people each year this is more than half the population of Hong Kong According to studies conducted by the HKU increasing concentrations of particulate matter pic.twitter.com/2SxYmJmDMa,positive
2019-07-03 13:00:00,"From backyard fireworks to barbeque parties, #4thofJuly presents an unseen problem for homeowners - Indoor #AirPollution Luckily with the help of uHoo, you can now see the invisible enemy. Get uHoo #AirSensor now at 15% http://bit.ly/2NsyZY1 #Independenceday #uHoopic.twitter.com/CgdxWOsotr",uhooair,From backyard fireworks to barbeque parties #4thofJuly presents an unseen problem for homeowners Indoor #AirPollution Luckily with the help of uHoo you can now see the invisible enemy Get uHoo #AirSensor now at 15 http://bit.ly/2NsyZY1 #Independenceday #uHoopic.twitter.com/CgdxWOsotr,positive
2019-07-03 12:30:00,"""How Many Asthma Cases Are Linked to Pollution?"" #Airpollution, #airquality #allergies, #NCCOhttps://www.pollutionsolutions-online.com/news/air-clean-up/16/breaking-news/how-many-asthma-cases-are-linked-to-pollution/49258 …",LimitedRht,"""How Many Asthma Cases Are Linked to Pollution? #Airpollution #airquality #allergies #NCCOhttps://www.pollutionsolutions-online.com/news/air-clean-up/16/breaking-news/how-many-asthma-cases-are-linked-to-pollution/49258 …",positive
2019-07-03 11:30:00,"From backyard fireworks to barbeque parties, #4thofJuly presents an unseen problem for homeowners - Indoor #AirPollution Luckily with the help of uHoo, you can now see the invisible enemy. Get uHoo Air Sensor now at 15% off http://bit.ly/2NsyZY1 #IndependenceDaypic.twitter.com/BB0NxCC8ll",uhooair,From backyard fireworks to barbeque parties #4thofJuly presents an unseen problem for homeowners Indoor #AirPollution Luckily with the help of uHoo you can now see the invisible enemy Get uHoo Air Sensor now at 15 off http://bit.ly/2NsyZY1 #IndependenceDaypic.twitter.com/BB0NxCC8ll,positive
2019-07-02 07:59:38,Jakarta residents to sue government over severe air pollution https://www.theguardian.com/world/2019/jul/02/jakarta-residents-to-sue-government-over-severe-air-pollution?CMP=share_btn_tw …,merv8888,Jakarta residents to sue government over severe air pollution https://www.theguardian.com/world/2019/jul/02/jakarta-residents-to-sue-government-over-severe-air-pollution?CMP=share_btn_tw …,neutral
2019-07-02 07:28:02,Jakarta residents to sue government over severe air pollution https://www.theguardian.com/world/2019/jul/02/jakarta-residents-to-sue-government-over-severe-air-pollution?CMP=share_btn_tw …,benjameslucas,Jakarta residents to sue government over severe air pollution https://www.theguardian.com/world/2019/jul/02/jakarta-residents-to-sue-government-over-severe-air-pollution?CMP=share_btn_tw …,neutral
2019-07-02 03:59:35,"I was just looking at footage from last year in Delhi, showing the pollution during Diwali celebrations. Now when the skies are blue most of the time, it is hard to accept that this will happen again in just a few months. Live stream: https://www.aqi.in/live-stream #airpollution https://twitter.com/AQI_India/status/1066910640927842304 …",CarolineHasl,I was just looking at footage from last year in Delhi showing the pollution during Diwali celebrations Now when the skies are blue most of the time it is hard to accept that this will happen again in just a few months Live stream https://www.aqi.in/live-stream #airpollution https://twitter.com/AQI_India/status/1066910640927842304 …,positive
2019-07-02 02:42:03,"Unlike a bad hair day, bad indoor air quality can linger for more than a day and can have detrimental effects on your health. Find out the 3 ways you can measure the #airquality in your home to create a safer space for your family: http://bit.ly/2XCdZC7 #AirPollution #IAQpic.twitter.com/G3huOIhNO6",uhooair,Unlike a bad hair day bad indoor air quality can linger for more than a day and can have detrimental effects on your health Find out the 3 ways you can measure the #airquality in your home to create a safer space for your family http://bit.ly/2XCdZC7 #AirPollution #IAQpic.twitter.com/G3huOIhNO6,negative
2019-07-02 01:04:26,Guide to HK Air Pollution // Asia's 1st Burned Out Exec Retreat // Best Local Clean Beauty Brands // India's Zero Waste Warrior - https://mailchi.mp/greenqueen.com.hk/guide-air-pollution-the-dawn-burned-out-executive-retreat-dyelicious-food-waste-clean-beauty-monthly …pic.twitter.com/yHMBcm07fz,GreenQueenHK,Guide to HK Air Pollution / Asia's 1st Burned Out Exec Retreat / Best Local Clean Beauty Brands / India's Zero Waste Warrior https://mailchi.mp/greenqueen.com.hk/guide-air-pollution-the-dawn-burned-out-executive-retreat-dyelicious-food-waste-clean-beauty-monthly …pic.twitter.com/yHMBcm07fz,positive
2019-07-02 00:16:17,"I was in Hanoi a couple of months ago. The air pollution was horrible; on par with the worst I’ve seen in Beijing. So much to celebrate, @Greenpeace !",bjornhojgaard,I was in Hanoi a couple of months ago The air pollution was horrible on par with the worst I’ve seen in Beijing So much to celebrate !,negative
2019-07-01 13:48:17,"Petition: Call Actions for Air Pollution in Hong Kong ""MTR stations, bus stations, and major streets account for most of Hong Kong’s public transport, with millions of Hongkongers making trips back and forth. The public has the right to know about the air quality level … pic.twitter.com/eniLukvqZT",support_hk,"Petition Call Actions for Air Pollution in Hong Kong ""MTR stations bus stations and major streets account for most of Hong Kong’s public transport with millions of Hongkongers making trips back and forth The public has the right to know about the air quality level pic.twitter.com/eniLukvqZT",positive
2019-07-01 12:00:01,"""Which Organs Does Air Pollution Damage?"" #IAQ, #airpollutiondamage, #healthproblems #NCCOhttps://www.pollutionsolutions-online.com/news/air-clean-up/16/breaking-news/which-organs-does-air-pollution-damage/49434 …",LimitedRht,"""Which Organs Does Air Pollution Damage? #IAQ #airpollutiondamage #healthproblems #NCCOhttps://www.pollutionsolutions-online.com/news/air-clean-up/16/breaking-news/which-organs-does-air-pollution-damage/49434 …",neutral
2019-06-29 11:00:00,Have you ever experienced getting a headache after prolonged exposure to the smell of an #airfreshener? This could be the reason #AirPollution #AirQuality #IndoorAirPollution #HouseHoldPollution #SafeCleaning #Declutteringpic.twitter.com/8X9epILURq,uhooair,Have you ever experienced getting a headache after prolonged exposure to the smell of an #airfreshener This could be the reason #AirPollution #AirQuality #IndoorAirPollution #HouseHoldPollution #SafeCleaning #Declutteringpic.twitter.com/8X9epILURq,positive
2019-06-29 09:22:48,Shanghai would be a nice place to live if they could sort out the air pollution (and the other stuff obviously),In_Vino,Shanghai would be a nice place to live if they could sort out the air pollution (and the other stuff obviously),positive
2019-06-29 02:00:00,"In #China, the life expectancy of those living north of the Huai river is up to three years shorter than those living south. The reason for this is #AirPollution, research shows. #WantingFreshAirhttps://www.weforum.org/agenda/2019/06/chinese-professor-explains-what-air-pollution-does-to-your-health/ …",greenpeace_hk,In #China the life expectancy of those living north of the Huai river is up to three years shorter than those living south The reason for this is #AirPollution research shows #WantingFreshAirhttps://www.weforum.org/agenda/2019/06/chinese-professor-explains-what-air-pollution-does-to-your-health …,neutral
2019-06-28 17:54:58,Hong Kong air pollution at 7-year high – Bangkok Post https://hongkonginformer.com/222944/hong-kong-air-pollution-at-7-year-high-bangkok-post/ …pic.twitter.com/NarNFqLtzS,hongkonginforme,Hong Kong air pollution at 7-year high Bangkok Post https://hongkonginformer.com/222944/hong-kong-air-pollution-at-7-year-high-bangkok-post …pic.twitter.com/NarNFqLtzS,positive
2019-06-28 08:45:53,Moving to China? Worried about air pollution? And what really happened that day in 1986 which changed the world? All this and more in the latest podcast episode of Charming China with Isabel Sum and me! https://open.spotify.com/episode/6YOvY6chhDVmG8T1ILoMIx?si=iASd2NSZRzS34TzIQ7tAGA … #podcast #podcastepisode #newepisode #pollution,CarolineHasl,Moving to China Worried about air pollution And what really happened that day in 1986 which changed the world All this and more in the latest podcast episode of Charming China with Isabel Sum and me https://open.spotify.com/episode/6YOvY6chhDVmG8T1ILoMIx?si=iASd2NSZRzS34TzIQ7tAGA #podcast #podcastepisode #newepisode #pollution,positive
2019-06-28 08:17:31,Green Queen Guide To Dealing With Hong Kong Air Pollution https://ift.tt/2JaS5g1,GreenQueenHK,Green Queen Guide To Dealing With Hong Kong Air Pollution https://ift.tt/2JaS5g1,negative
2019-06-28 04:05:01,"""Innovative low-emission technology is at the forefront of a new revolution driven by policies pushing for lower air pollution and de-carbonization of economy” - Tiy Chung of @ccacoalition. https://www.smartcitiesworld.net/news/climate-change-represents-the-battle-of-our-lives-says-un-chief-4247 …pic.twitter.com/dmwXUk2a4j",markgibbs_china,"""Innovative low-emission technology is at the forefront of a new revolution driven by policies pushing for lower air pollution and de-carbonization of economy Tiy Chung of https://www.smartcitiesworld.net/news/climate-change-represents-the-battle-of-our-lives-says-un-chief-4247 …pic.twitter.com/dmwXUk2a4j",positive
2019-06-28 02:54:08,"Michael Bloomberg and Anne Hidalgo, Mayor of Paris, Launch Joint Project to Monitor Air Pollution in Paris Schools | Bloomberg Philanthropies https://bloom.bg/2Xz4IdN",debbyjuu,Michael Bloomberg and Anne Hidalgo Mayor of Paris Launch Joint Project to Monitor Air Pollution in Paris Schools Bloomberg Philanthropies https://bloom.bg/2Xz4IdN,neutral
2019-06-27 10:37:50,Landed. Now I’m in Hakata.^^ Nice air pollution. <3,NaakiraS,Landed Now I’m in Hakata.^ Nice air pollution <3,positive
2019-06-26 11:55:38,"Early deaths linked to #airpollution has fallen by half between 1970 & 2010 in the UK. However, toxic air remains the no. 1 environmental hazard with 1 in 20 deaths still attributed to #particlepollution alone. Read more from the Guardian. http://bit.ly/2J5rIYN #AirQuality",uhooair,Early deaths linked to #airpollution has fallen by half between 1970 2010 in the UK However toxic air remains the no 1 environmental hazard with 1 in 20 deaths still attributed to #particlepollution alone Read more from the Guardian http://bit.ly/2J5rIYN #AirQuality,positive
2019-06-26 06:10:56,"Long-term exposure to high level of black carbon & PM2.5 is as bad for health as smoking a pack of cigarette every day for 15 years. To learn more, please check: http://www.renaud.hk , https://bit.ly/2WHNuqa #cleanair #sweethome #indoorairquality #airpurifier #airpollution #PMpic.twitter.com/flkEWNy4Ui",RenaudAir,Long-term exposure to high level of black carbon PM2.5 is as bad for health as smoking a pack of cigarette every day for 15 years To learn more please check http://www.renaud.hk https://bit.ly/2WHNuqa #cleanair #sweethome #indoorairquality #airpurifier #airpollution #PMpic.twitter.com/flkEWNy4Ui,negative
2019-06-26 06:02:46,"Air pollution becomes a common issue that cannot be ignored, so how to safeguard your family health? Leave your comments. #family #health #air #gblifepic.twitter.com/jA5nPYCleE",GBLIFEfan,Air pollution becomes a common issue that cannot be ignored so how to safeguard your family health Leave your comments #family #health #air #gblifepic.twitter.com/jA5nPYCleE,negative
2019-06-26 00:53:53,Air pollution 'may affect number of eggs ovaries can produce' Worrying considering the continued push by some countries to continue with fossil fuels https://www.theguardian.com/environment/2019/jun/25/air-pollution-may-affect-number-of-eggs-ovaries-can-produce?CMP=Share_iOSApp_Other …,PcarsonPeter,Air pollution 'may affect number of eggs ovaries can produce Worrying considering the continued push by some countries to continue with fossil fuels https://www.theguardian.com/environment/2019/jun/25/air-pollution-may-affect-number-of-eggs-ovaries-can-produce?CMP=Share_iOSApp_Other …,neutral
2019-06-05 12:22:38,World Environment Day 2019: This year`s challenge is creating awareness on air pollution https://zeenews.india.com/india/world-environment-day-2019-this-years-challenge-is-creating-awareness-on-air-pollution-2209194.html … via @,Syedap,World Environment Day 2019 This year`s challenge is creating awareness on air pollution https://zeenews.india.com/india/world-environment-day-2019-this-years-challenge-is-creating-awareness-on-air-pollution-2209194.html via @,neutral
2019-05-04 06:05:01,"Seizing the opportunity of a cool, overcast and low air pollution morning to hike Lion’s Rock. Feels great to get into nature, take deep breaths, and gaze at… https://www.instagram.com/p/BxB6f5MnhhmIK2t9QqhQoXVsr3gMFWyQiIwcII0/?utm_source=ig_twitter_share&igshid=1kea5knci4crn …",Annibelle919,Seizing the opportunity of a cool overcast and low air pollution morning to hike Lion’s Rock Feels great to get into nature take deep breaths and gaze at https://www.instagram.com/p/BxB6f5MnhhmIK2t9QqhQoXVsr3gMFWyQiIwcII0/?utm_source=ig_twitter_share&igshid=1kea5knci4crn …,positive
2019-04-10 01:41:48,"First air quality monitor placed in China! Now I have a monitor 0.9 km away from me as compared to the second closest one (2050,8 km away) App: AQI India #AirPollution #MyAQI #healthtechpic.twitter.com/53lYnQ3KA0 – at 深圳北站 Shenzhen North Railway Station",CarolineHasl,"First air quality monitor placed in China Now I have a monitor 0.9 km away from me as compared to the second closest one (2050,8 km away App AQI India #AirPollution #MyAQI #healthtechpic.twitter.com/53lYnQ3KA0 at 深圳北 Shenzhen North Railway Station",positive
2019-04-06 10:55:24,"@crowdfundingpr_ Finally, we made it in 2 days!! http://kck.st/2OQM4r5 #crowdfunding #kickstarter #AirPollution #measles #AirQuality #CleanAir #PM25 #Mask",tamadick,Finally we made it in 2 days! http://kck.st/2OQM4r5 #crowdfunding #kickstarter #AirPollution #measles #AirQuality #CleanAir #PM25 #Mask,neutral
2019-04-04 11:53:21,Relaunch on Kickstarter with further discount for KS backers. http://kck.st/2OQM4r5 Check it out and support us!! #crowdfunding #AirPollution #Measles #hayfever #cleanair #airquality #kickstarter #PM25pic.twitter.com/WFUc7Ui14Q,tamadick,Relaunch on Kickstarter with further discount for KS backers http://kck.st/2OQM4r5 Check it out and support us! #crowdfunding #AirPollution #Measles #hayfever #cleanair #airquality #kickstarter #PM25pic.twitter.com/WFUc7Ui14Q,neutral
2019-04-02 16:44:38,"@crowdfundingpr_ PAQ Mask is the first electronic mask with 4 layer filter which blocks 98% of PM0.3~PM10 airborne particles. Protect you from Air Pollution, Airborne Disease or Allergy source. https://www.kickstarter.com/projects/paqmask/329471997/preview … #crowdfunding #airpurify #mask #airpollution #cleanairpic.twitter.com/yrwOwkI4aU",tamadick,PAQ Mask is the first electronic mask with 4 layer filter which blocks 98 of PM0.3~PM10 airborne particles Protect you from Air Pollution Airborne Disease or Allergy source https://www.kickstarter.com/projects/paqmask/329471997/preview #crowdfunding #airpurify #mask #airpollution #cleanairpic.twitter.com/yrwOwkI4aU,positive
2019-03-31 06:08:39,Relaunch coming soon..... We will relaunch our campaign with further KS early bird discount. Please check out the preview and support us!! Thank you https://www.kickstarter.com/projects/paqmask/329471997/preview?ref=pbuild_dashboard#project-preview … #crowdfunding #airpollution #measles #hayfever #CleanAir #kickstarter #kickstartercampaignpic.twitter.com/xFT7gtUvgO,tamadick,Relaunch coming soon.... We will relaunch our campaign with further KS early bird discount Please check out the preview and support us! Thank you https://www.kickstarter.com/projects/paqmask/329471997/preview?ref=pbuild_dashboard#project-preview #crowdfunding #airpollution #measles #hayfever #CleanAir #kickstarter #kickstartercampaignpic.twitter.com/xFT7gtUvgO,positive
2019-03-24 10:22:21,New Generation Electronic Mask. Live on Kickstarter now~~ http://kck.st/2SjhADc #Wearables #WearableTech #hayfever #AirPollution #allergy #PM25 #AirQualitypic.twitter.com/PcCPT6Cqg1,tamadick,New Generation Electronic Mask Live on Kickstarter now~ http://kck.st/2SjhADc #Wearables #WearableTech #hayfever #AirPollution #allergy #PM25 #AirQualitypic.twitter.com/PcCPT6Cqg1,positive
2019-03-20 22:33:53,"Yesterday we had our first decent bout of rain in the afternoon, which allowed the air pressure to finally abate and clear away the lingering air pollution. Today we have following winds that are in excess of 40 kph. This is usually good, except for one thing.",LysanderWrites,Yesterday we had our first decent bout of rain in the afternoon which allowed the air pressure to finally abate and clear away the lingering air pollution Today we have following winds that are in excess of 40 kph This is usually good except for one thing.,positive
2019-03-20 05:56:19,"Now that it is getting warmer I get to play the 'Jesus Christ the air pollution is really high today can we not have the windows open - But I'm hot' game with my coworkers. I'm against opening the windows, incidentally.",LysanderWrites,Now that it is getting warmer I get to play the 'Jesus Christ the air pollution is really high today can we not have the windows open But I'm hot game with my coworkers I'm against opening the windows incidentally.,positive
2019-02-28 07:01:44,air pollution at its finest...and some HK skyline @Hong Kong https://www.instagram.com/p/BuapUe4BJYW/?utm_source=ig_twitter_share&igshid=m7ia5lq3exin …,robinrandolph,air pollution at its finest...and some HK skyline Kong https://www.instagram.com/p/BuapUe4BJYW/?utm_source=ig_twitter_share&igshid=m7ia5lq3exin …,neutral
2019-01-12 03:07:10,"1st: Hedley Index, in accordance with WHO guideline. 2nd: HK Government’s Index with “originality”. 3rd: Realty in HK now. Who is cheating? #HongKong #香港生活 #airpollution 場所: Hong Kong https://www.instagram.com/p/BshNG3QnKAf/?utm_source=ig_twitter_share&igshid=gkzhliqfv4il …",robhata,1st Hedley Index in accordance with WHO guideline 2nd HK Government’s Index with “originality” 3rd Realty in HK now Who is cheating #HongKong #香港生 #airpollution 場所 Hong Kong https://www.instagram.com/p/BshNG3QnKAf/?utm_source=ig_twitter_share&igshid=gkzhliqfv4il …,neutral
2018-12-26 14:35:22,Another with bad #airpollution in #HongKong #BreatheLife #AQOreview #SDG11 #BoxingDayHikepic.twitter.com/sJLXX5a7oV,locosmo,Another with bad #airpollution in #HongKong #BreatheLife #AQOreview #SDG11 #BoxingDayHikepic.twitter.com/sJLXX5a7oV,negative
2018-05-10 21:30:17,"ASIA | AS — China's Shijiazhuang to take air pollution fight to crematoriums, public toilets http://dlvr.it/QSRjd7",PairsonnalitesA,ASIA AS China's Shijiazhuang to take air pollution fight to crematoriums public toilets http://dlvr.it/QSRjd7,neutral
2018-05-07 20:30:21,ASIA | AS — Don't restrict the discourse on air pollution only to its impact on health http://dlvr.it/QS4nYM,PairsonnalitesA,ASIA AS Don't restrict the discourse on air pollution only to its impact on health http://dlvr.it/QS4nYM,neutral
2018-04-01 12:14:56,Fantastic moonrise... the air pollution is good for something after all #moon #saikung… https://www.instagram.com/p/BhBwcjInQ8h/,WldHongKong,Fantastic moonrise.. the air pollution is good for something after all #moon #saikung https://www.instagram.com/p/BhBwcjInQ8h/,positive
2018-03-24 07:05:02,Asia a key battleground in fight against killer air pollution: UN http://dlvr.it/QMCDJn,PairsonnalitesU,Asia a key battleground in fight against killer air pollution UN http://dlvr.it/QMCDJn,neutral
2018-03-22 22:40:06,ASIA | AS — Asia a key battleground in fight against killer air pollution: UN http://dlvr.it/QM3Pgw,PairsonnalitesA,ASIA AS Asia a key battleground in fight against killer air pollution UN http://dlvr.it/QM3Pgw,neutral
2018-02-08 11:22:46,"Recap | ASIA — China eyes 80% good air quality by 2020 in regions - China is planning a three-year scheme to control air pollution and find solutions to reduce smog in the Beijing-Tianjin-Hebei region, the Yangtze River Delta in eastern China and… http://dlvr.it/QFWbZs",PairsonnalitesU,Recap ASIA China eyes 80 good air quality by 2020 in regions China is planning a three-year scheme to control air pollution and find solutions to reduce smog in the Beijing-Tianjin-Hebei region the Yangtze River Delta in eastern China and http://dlvr.it/QFWbZs,positive
2018-02-07 23:21:36,"Recap | ASIA — China eyes 80% good air quality by 2020 in regions - China is planning a three-year scheme to control air pollution and find solutions to reduce smog in the Beijing-Tianjin-Hebei region, the Yangtze River Delta in eastern China and… http://dlvr.it/QFSN2K",PairsonnalitesU,Recap ASIA China eyes 80 good air quality by 2020 in regions China is planning a three-year scheme to control air pollution and find solutions to reduce smog in the Beijing-Tianjin-Hebei region the Yangtze River Delta in eastern China and http://dlvr.it/QFSN2K,positive
2018-02-07 11:20:19,"Recap | ASIA — China eyes 80% good air quality by 2020 in regions - China is planning a three-year scheme to control air pollution and find solutions to reduce smog in the Beijing-Tianjin-Hebei region, the Yangtze River Delta in eastern China and… http://dlvr.it/QFN1J2",PairsonnalitesU,Recap ASIA China eyes 80 good air quality by 2020 in regions China is planning a three-year scheme to control air pollution and find solutions to reduce smog in the Beijing-Tianjin-Hebei region the Yangtze River Delta in eastern China and http://dlvr.it/QFN1J2,positive
2018-02-06 01:52:13,"ASIA | AS — China eyes 80% good air quality by 2020 in regions - China is planning a three-year scheme to control air pollution and find solutions to reduce smog in the Beijing-Tianjin-Hebei region, the Yangtze River Delta in eastern China and… http://dlvr.it/QFB1JB",PairsonnalitesU,ASIA AS China eyes 80 good air quality by 2020 in regions China is planning a three-year scheme to control air pollution and find solutions to reduce smog in the Beijing-Tianjin-Hebei region the Yangtze River Delta in eastern China and http://dlvr.it/QFB1JB,positive
2018-01-22 04:52:06,HKFP: Monday air pollution in Hong Kong five times worse than Beijing http://j.mp/2n02Zdh pic.twitter.com/mMjN9gNpSy,hongkong_news,HKFP Monday air pollution in Hong Kong five times worse than Beijing http://j.mp/2n02Zdh pic.twitter.com/mMjN9gNpSy,negative
2018-01-21 12:25:48,"Recap | ASIA — The World's Biggest Smog Tower Offers Hope to Polluted Megacities in China - To tackle China's smog problem, researchers are testing a new smog tower near the city of Xian. The tower has reduced air pollution by almost 15 percent. http://dlvr.it/QC6yv1",PairsonnalitesU,Recap ASIA The World's Biggest Smog Tower Offers Hope to Polluted Megacities in China To tackle China's smog problem researchers are testing a new smog tower near the city of Xian The tower has reduced air pollution by almost 15 percent http://dlvr.it/QC6yv1,positive
2018-01-21 00:24:03,"Recap | ASIA — The World's Biggest Smog Tower Offers Hope to Polluted Megacities in China - To tackle China's smog problem, researchers are testing a new smog tower near the city of Xian. The tower has reduced air pollution by almost 15 percent. http://dlvr.it/QC4Wdp",PairsonnalitesU,Recap ASIA The World's Biggest Smog Tower Offers Hope to Polluted Megacities in China To tackle China's smog problem researchers are testing a new smog tower near the city of Xian The tower has reduced air pollution by almost 15 percent http://dlvr.it/QC4Wdp,positive
2018-01-20 12:22:06,"Recap | ASIA — The World's Biggest Smog Tower Offers Hope to Polluted Megacities in China - To tackle China's smog problem, researchers are testing a new smog tower near the city of Xian. The tower has reduced air pollution by almost 15 percent. http://dlvr.it/QC1LJV",PairsonnalitesU,Recap ASIA The World's Biggest Smog Tower Offers Hope to Polluted Megacities in China To tackle China's smog problem researchers are testing a new smog tower near the city of Xian The tower has reduced air pollution by almost 15 percent http://dlvr.it/QC1LJV,positive
2018-01-19 19:34:32,"ASIA | AS — The World's Biggest Smog Tower Offers Hope to Polluted Megacities in China - To tackle China's smog problem, researchers are testing a new smog tower near the city of Xian. The tower has reduced air pollution by almost 15 percent. http://dlvr.it/QBxCbC",PairsonnalitesU,ASIA AS The World's Biggest Smog Tower Offers Hope to Polluted Megacities in China To tackle China's smog problem researchers are testing a new smog tower near the city of Xian The tower has reduced air pollution by almost 15 percent http://dlvr.it/QBxCbC,positive
2018-01-19 11:33:13,"ASIA | AS — The World's Biggest Smog Tower Offers Hope to Polluted Megacities in China - To tackle China's smog problem, researchers are testing a new smog tower near the city of Xian. The tower has reduced air pollution by almost 15 percent. http://dlvr.it/QBt8d1",PairsonnalitesU,ASIA AS The World's Biggest Smog Tower Offers Hope to Polluted Megacities in China To tackle China's smog problem researchers are testing a new smog tower near the city of Xian The tower has reduced air pollution by almost 15 percent http://dlvr.it/QBt8d1,positive
2018-01-19 03:31:07,"ASIA | AS — The World's Biggest Smog Tower Offers Hope to Polluted Megacities in China - To tackle China's smog problem, researchers are testing a new smog tower near the city of Xian. The tower has reduced air pollution by almost 15 percent. http://dlvr.it/QBqvjR",PairsonnalitesU,ASIA AS The World's Biggest Smog Tower Offers Hope to Polluted Megacities in China To tackle China's smog problem researchers are testing a new smog tower near the city of Xian The tower has reduced air pollution by almost 15 percent http://dlvr.it/QBqvjR,positive
2018-01-17 03:45:33,11:43am #airpollution @Kennedy Town https://www.instagram.com/p/BeCTVNahTTF/,sanitiser,11:43am #airpollution Town https://www.instagram.com/p/BeCTVNahTTF/,neutral
2018-01-03 05:03:12,"Recap | ASIA — Hong Kong's hazy days may have more deadly effect on those with mental illnesses, researchers find - For those with chronic diseases, it is well known that air pollution worsens their condition, but according to the study by Hong Kong… http://dlvr.it/Q8fGKj",PairsonnalitesU,Recap ASIA Hong Kong's hazy days may have more deadly effect on those with mental illnesses researchers find For those with chronic diseases it is well known that air pollution worsens their condition but according to the study by Hong Kong http://dlvr.it/Q8fGKj,positive
2018-01-02 15:57:07,"ASIA | AS — Hong Kong's hazy days may have more deadly effect on those with mental illnesses, researchers find - For those with chronic diseases, it is well known that air pollution worsens their condition, but according to the study by Hong Kong… http://dlvr.it/Q8Z8TW",PairsonnalitesU,ASIA AS Hong Kong's hazy days may have more deadly effect on those with mental illnesses researchers find For those with chronic diseases it is well known that air pollution worsens their condition but according to the study by Hong Kong http://dlvr.it/Q8Z8TW,positive
2018-01-02 07:55:39,"ASIA | AS — Hong Kong's hazy days may have more deadly effect on those with mental illnesses, researchers find - For those with chronic diseases, it is well known that air pollution worsens their condition, but according to the study by Hong Kong… http://dlvr.it/Q8WNvp",PairsonnalitesU,ASIA AS Hong Kong's hazy days may have more deadly effect on those with mental illnesses researchers find For those with chronic diseases it is well known that air pollution worsens their condition but according to the study by Hong Kong http://dlvr.it/Q8WNvp,positive
2018-01-01 23:54:12,"ASIA | AS — Hong Kong's hazy days may have more deadly effect on those with mental illnesses, researchers find - For those with chronic diseases, it is well known that air pollution worsens their condition, but according to the study by Hong Kong… http://dlvr.it/Q8TfZg",PairsonnalitesU,ASIA AS Hong Kong's hazy days may have more deadly effect on those with mental illnesses researchers find For those with chronic diseases it is well known that air pollution worsens their condition but according to the study by Hong Kong http://dlvr.it/Q8TfZg,positive
2017-11-26 05:06:06,Recap | ASIA — The costs of pollution - A new research paper on how sustained air pollution affects migration in… http://dlvr.it/Q2twNp,PairsonnalitesU,Recap ASIA The costs of pollution A new research paper on how sustained air pollution affects migration in http://dlvr.it/Q2twNp,positive
2017-11-25 17:04:04,Recap | ASIA — The costs of pollution - A new research paper on how sustained air pollution affects migration in… http://dlvr.it/Q2qRKX,PairsonnalitesU,Recap ASIA The costs of pollution A new research paper on how sustained air pollution affects migration in http://dlvr.it/Q2qRKX,positive
2017-11-25 05:03:10,Recap | ASIA — The costs of pollution - A new research paper on how sustained air pollution affects migration in… http://dlvr.it/Q2lXsz,PairsonnalitesU,Recap ASIA The costs of pollution A new research paper on how sustained air pollution affects migration in http://dlvr.it/Q2lXsz,positive
2017-11-23 21:47:12,ASIA | AS — The costs of pollution - A new research paper on how sustained air pollution affects migration in… http://dlvr.it/Q2XmKz,PairsonnalitesU,ASIA AS The costs of pollution A new research paper on how sustained air pollution affects migration in http://dlvr.it/Q2XmKz,positive
2017-11-09 07:12:03,"Recap | ASIA — Higher air pollution in Chinese cities tied to higher mortality rate - The study is the first to provide strong evidence of the burden of air pollution in major Chinese cities, as well as the impacts of air quality and climate ... http://dlvr.it/Q014y6",PairsonnalitesU,Recap ASIA Higher air pollution in Chinese cities tied to higher mortality rate The study is the first to provide strong evidence of the burden of air pollution in major Chinese cities as well as the impacts of air quality and climate .. http://dlvr.it/Q014y6,positive
2017-11-08 19:10:07,"Recap | ASIA — Higher air pollution in Chinese cities tied to higher mortality rate - The study is the first to provide strong evidence of the burden of air pollution in major Chinese cities, as well as the impacts of air quality and climate ... http://dlvr.it/Pzwb81",PairsonnalitesU,Recap ASIA Higher air pollution in Chinese cities tied to higher mortality rate The study is the first to provide strong evidence of the burden of air pollution in major Chinese cities as well as the impacts of air quality and climate .. http://dlvr.it/Pzwb81,positive
2017-11-08 07:08:13,Recap | ASIA — Higher air pollution in Chinese cities tied to higher mortality rate - The study is the first to… http://dlvr.it/Pzq99X,PairsonnalitesU,Recap ASIA Higher air pollution in Chinese cities tied to higher mortality rate The study is the first to http://dlvr.it/Pzq99X,positive
2017-11-08 07:08:12,Recap | ASIA — Higher air pollution in Chinese cities tied to higher mortality rate http://dlvr.it/Pzq994,PairsonnalitesA,Recap ASIA Higher air pollution in Chinese cities tied to higher mortality rate http://dlvr.it/Pzq994,positive
2017-11-07 15:19:34,ASIA | AS — Higher air pollution in Chinese cities tied to higher mortality rate http://dlvr.it/Pzj4Dm,PairsonnalitesA,ASIA AS Higher air pollution in Chinese cities tied to higher mortality rate http://dlvr.it/Pzj4Dm,positive
2017-11-07 07:18:03,ASIA | AS — Higher air pollution in Chinese cities tied to higher mortality rate http://dlvr.it/PzdWRx,PairsonnalitesA,ASIA AS Higher air pollution in Chinese cities tied to higher mortality rate http://dlvr.it/PzdWRx,positive
2017-11-06 23:16:05,ASIA | AS — Higher air pollution in Chinese cities tied to higher mortality rate http://dlvr.it/PzZf81,PairsonnalitesA,ASIA AS Higher air pollution in Chinese cities tied to higher mortality rate http://dlvr.it/PzZf81,positive
2017-11-06 23:16:03,ASIA | AS — Higher air pollution in Chinese cities tied to higher mortality rate - The study is the first to… http://dlvr.it/PzZf7b,PairsonnalitesU,ASIA AS Higher air pollution in Chinese cities tied to higher mortality rate The study is the first to http://dlvr.it/PzZf7b,positive
2017-10-15 07:14:13,Recap | ASIA — Researchers Newest Foot Soldiers in China's Battle Against Air Pollution http://dlvr.it/PvfbTT,PairsonnalitesA,Recap ASIA Researchers Newest Foot Soldiers in China's Battle Against Air Pollution http://dlvr.it/PvfbTT,neutral
2017-10-15 07:13:05,Recap | ASIA — Researchers Newest Foot Soldiers in China's Battle Against Air Pollution - China is beefing up its… http://dlvr.it/Pvfb5M,PairsonnalitesU,Recap ASIA Researchers Newest Foot Soldiers in China's Battle Against Air Pollution China is beefing up its http://dlvr.it/Pvfb5M,neutral
2017-10-14 19:12:42,Recap | ASIA — Researchers Newest Foot Soldiers in China's Battle Against Air Pollution http://dlvr.it/PvZQ1Q,PairsonnalitesA,Recap ASIA Researchers Newest Foot Soldiers in China's Battle Against Air Pollution http://dlvr.it/PvZQ1Q,neutral
2017-10-14 19:11:04,Recap | ASIA — Researchers Newest Foot Soldiers in China's Battle Against Air Pollution - China is beefing up its… http://dlvr.it/PvZPCV,PairsonnalitesU,Recap ASIA Researchers Newest Foot Soldiers in China's Battle Against Air Pollution China is beefing up its http://dlvr.it/PvZPCV,neutral
2017-10-14 07:11:11,Recap | ASIA — Researchers Newest Foot Soldiers in China's Battle Against Air Pollution http://dlvr.it/PvTK6v,PairsonnalitesA,Recap ASIA Researchers Newest Foot Soldiers in China's Battle Against Air Pollution http://dlvr.it/PvTK6v,neutral
2017-10-14 07:10:13,Recap | ASIA — Researchers Newest Foot Soldiers in China's Battle Against Air Pollution - China is beefing up its… http://dlvr.it/PvTJWz,PairsonnalitesU,Recap ASIA Researchers Newest Foot Soldiers in China's Battle Against Air Pollution China is beefing up its http://dlvr.it/PvTJWz,neutral
2017-10-13 16:40:49,ASIA | AS — Researchers Newest Foot Soldiers in China's Battle Against Air Pollution http://dlvr.it/PvM6Vh,PairsonnalitesA,ASIA AS Researchers Newest Foot Soldiers in China's Battle Against Air Pollution http://dlvr.it/PvM6Vh,neutral
2017-10-13 08:39:35,ASIA | AS — Researchers Newest Foot Soldiers in China's Battle Against Air Pollution http://dlvr.it/PvGRkZ,PairsonnalitesA,ASIA AS Researchers Newest Foot Soldiers in China's Battle Against Air Pollution http://dlvr.it/PvGRkZ,neutral
2017-10-13 00:38:12,ASIA | AS — Researchers Newest Foot Soldiers in China's Battle Against Air Pollution http://dlvr.it/PvC5Hx,PairsonnalitesA,ASIA AS Researchers Newest Foot Soldiers in China's Battle Against Air Pollution http://dlvr.it/PvC5Hx,neutral
2017-10-13 00:38:10,ASIA | AS — Researchers Newest Foot Soldiers in China's Battle Against Air Pollution - China is beefing up its… http://dlvr.it/PvC5FC,PairsonnalitesU,ASIA AS Researchers Newest Foot Soldiers in China's Battle Against Air Pollution China is beefing up its http://dlvr.it/PvC5FC,neutral
2017-10-12 09:14:10,Recap | ASIA — Air Pollution Was Bullish For Aluminum - The air quality in China has been deteriorating for… http://dlvr.it/Pv2gcS,PairsonnalitesU,Recap ASIA Air Pollution Was Bullish For Aluminum The air quality in China has been deteriorating for http://dlvr.it/Pv2gcS,neutral
2017-10-11 21:13:17,Recap | ASIA — Air Pollution Was Bullish For Aluminum - The air quality in China has been deteriorating for… http://dlvr.it/PtxX9p,PairsonnalitesU,Recap ASIA Air Pollution Was Bullish For Aluminum The air quality in China has been deteriorating for http://dlvr.it/PtxX9p,neutral
2017-10-11 09:11:11,Recap | ASIA — Air Pollution Was Bullish For Aluminum http://dlvr.it/Ptpcn1,PairsonnalitesA,Recap ASIA Air Pollution Was Bullish For Aluminum http://dlvr.it/Ptpcn1,neutral
2017-10-11 09:11:08,Recap | ASIA — Air Pollution Was Bullish For Aluminum - The air quality in China has been deteriorating for… http://dlvr.it/PtpcfN,PairsonnalitesU,Recap ASIA Air Pollution Was Bullish For Aluminum The air quality in China has been deteriorating for http://dlvr.it/PtpcfN,neutral
2017-10-10 02:04:12,ASIA | AS — Air Pollution Was Bullish For Aluminum http://dlvr.it/PtWSKW,PairsonnalitesA,ASIA AS Air Pollution Was Bullish For Aluminum http://dlvr.it/PtWSKW,neutral
2017-10-10 02:04:07,ASIA | AS — Air Pollution Was Bullish For Aluminum - The air quality in China has been deteriorating for years. In… http://dlvr.it/PtWS86,PairsonnalitesU,ASIA AS Air Pollution Was Bullish For Aluminum The air quality in China has been deteriorating for years In http://dlvr.it/PtWS86,neutral
2017-09-24 08:15:04,Recap | ASIA — China bans major Beijing construction projects in 'war against air pollution' http://dlvr.it/Pq4bH2 pic.twitter.com/rO8fv17lsT,PairsonnalitesA,Recap ASIA China bans major Beijing construction projects in 'war against air pollution http://dlvr.it/Pq4bH2 pic.twitter.com/rO8fv17lsT,positive
2017-09-24 08:14:46,Recap | ASIA — China bans major Beijing construction projects in 'war against air pollution' - China is to halt… http://dlvr.it/Pq4b98 pic.twitter.com/UFiHngx40h,PairsonnalitesU,Recap ASIA China bans major Beijing construction projects in 'war against air pollution China is to halt http://dlvr.it/Pq4b98 pic.twitter.com/UFiHngx40h,positive
2017-09-23 20:14:05,Recap | ASIA — China bans major Beijing construction projects in 'war against air pollution' http://dlvr.it/Pq0MG9 pic.twitter.com/o05tnjeTtC,PairsonnalitesA,Recap ASIA China bans major Beijing construction projects in 'war against air pollution http://dlvr.it/Pq0MG9 pic.twitter.com/o05tnjeTtC,positive
2017-09-23 20:13:18,Recap | ASIA — China bans major Beijing construction projects in 'war against air pollution' - China is to halt… http://dlvr.it/Pq0Lw9 pic.twitter.com/hBO9iR1LxY,PairsonnalitesU,Recap ASIA China bans major Beijing construction projects in 'war against air pollution China is to halt http://dlvr.it/Pq0Lw9 pic.twitter.com/hBO9iR1LxY,positive
2017-09-23 08:11:28,Recap | ASIA — China bans major Beijing construction projects in 'war against air pollution' http://dlvr.it/PpttS5 pic.twitter.com/rNCuFblpN6,PairsonnalitesA,Recap ASIA China bans major Beijing construction projects in 'war against air pollution http://dlvr.it/PpttS5 pic.twitter.com/rNCuFblpN6,positive
2017-09-23 08:11:07,Recap | ASIA — China bans major Beijing construction projects in 'war against air pollution' - China is to halt… http://dlvr.it/Pptsxd pic.twitter.com/IdeiSoH6DJ,PairsonnalitesU,Recap ASIA China bans major Beijing construction projects in 'war against air pollution China is to halt http://dlvr.it/Pptsxd pic.twitter.com/IdeiSoH6DJ,positive
2017-09-22 15:58:05,ASIA | AS — China bans major Beijing construction projects in 'war against air pollution' http://dlvr.it/PplrJw pic.twitter.com/DhmhIU6byc,PairsonnalitesA,ASIA AS China bans major Beijing construction projects in 'war against air pollution http://dlvr.it/PplrJw pic.twitter.com/DhmhIU6byc,positive
2017-09-22 07:57:05,ASIA | AS — China bans major Beijing construction projects in 'war against air pollution' http://dlvr.it/PpgF8B pic.twitter.com/iVbfcU6PXL,PairsonnalitesA,ASIA AS China bans major Beijing construction projects in 'war against air pollution http://dlvr.it/PpgF8B pic.twitter.com/iVbfcU6PXL,positive
2017-09-21 23:55:35,ASIA | AS — China bans major Beijing construction projects in 'war against air pollution' http://dlvr.it/Ppbylz pic.twitter.com/wyCz3npxaw,PairsonnalitesA,ASIA AS China bans major Beijing construction projects in 'war against air pollution http://dlvr.it/Ppbylz pic.twitter.com/wyCz3npxaw,positive
2017-09-21 23:55:13,ASIA | AS — China bans major Beijing construction projects in 'war against air pollution' - China is to halt… http://dlvr.it/Ppbyjj pic.twitter.com/H55RXGPWAS,PairsonnalitesU,ASIA AS China bans major Beijing construction projects in 'war against air pollution China is to halt http://dlvr.it/Ppbyjj pic.twitter.com/H55RXGPWAS,positive
2017-08-27 05:10:05,Recap | ASIA — China targets 15% cut in air pollution in northern cities http://dlvr.it/Pht9jd,PairsonnalitesA,Recap ASIA China targets 15 cut in air pollution in northern cities http://dlvr.it/Pht9jd,neutral
2017-08-27 05:09:02,Recap | ASIA — China targets 15% cut in air pollution in northern cities - China has pledged to cut average… http://dlvr.it/Pht92D,PairsonnalitesU,Recap ASIA China targets 15 cut in air pollution in northern cities China has pledged to cut average http://dlvr.it/Pht92D,negative
2017-08-26 17:07:35,Recap | ASIA — China targets 15% cut in air pollution in northern cities http://dlvr.it/PhnPsh,PairsonnalitesA,Recap ASIA China targets 15 cut in air pollution in northern cities http://dlvr.it/PhnPsh,neutral
2017-08-26 17:07:04,Recap | ASIA — China targets 15% cut in air pollution in northern cities - China has pledged to cut average… http://dlvr.it/PhnPQk,PairsonnalitesU,Recap ASIA China targets 15 cut in air pollution in northern cities China has pledged to cut average http://dlvr.it/PhnPQk,negative
2017-08-26 05:06:04,Recap | ASIA — China targets 15% cut in air pollution in northern cities http://dlvr.it/PhhDN1,PairsonnalitesA,Recap ASIA China targets 15 cut in air pollution in northern cities http://dlvr.it/PhhDN1,neutral
2017-08-26 05:05:34,Recap | ASIA — China targets 15% cut in air pollution in northern cities - China has pledged to cut average… http://dlvr.it/PhhDK0,PairsonnalitesU,Recap ASIA China targets 15 cut in air pollution in northern cities China has pledged to cut average http://dlvr.it/PhhDK0,negative
2017-08-25 15:15:35,ASIA | AS — China targets 15% cut in air pollution in northern cities http://dlvr.it/PhYbh4,PairsonnalitesA,ASIA AS China targets 15 cut in air pollution in northern cities http://dlvr.it/PhYbh4,neutral
2017-08-25 07:14:07,ASIA | AS — China targets 15% cut in air pollution in northern cities http://dlvr.it/PhT7WP,PairsonnalitesA,ASIA AS China targets 15 cut in air pollution in northern cities http://dlvr.it/PhT7WP,neutral
2017-08-24 23:13:13,ASIA | AS — China targets 15% cut in air pollution in northern cities - China has pledged to cut average… http://dlvr.it/PhPhXX,PairsonnalitesU,ASIA AS China targets 15 cut in air pollution in northern cities China has pledged to cut average http://dlvr.it/PhPhXX,negative
2017-08-24 23:13:12,ASIA | AS — China targets 15% cut in air pollution in northern cities http://dlvr.it/PhPhW4,PairsonnalitesA,ASIA AS China targets 15 cut in air pollution in northern cities http://dlvr.it/PhPhW4,neutral
2017-08-23 05:04:18,Recap | ASIA — Cities Continue to Lead on Climate Action - Noting that air pollution in Asian cities poses… http://dlvr.it/PgynVs,PairsonnalitesU,Recap ASIA Cities Continue to Lead on Climate Action Noting that air pollution in Asian cities poses http://dlvr.it/PgynVs,positive
2017-08-22 15:41:17,ASIA | AS — Cities Continue to Lead on Climate Action - Noting that air pollution in Asian cities poses multiple… http://dlvr.it/PgqztT,PairsonnalitesU,ASIA AS Cities Continue to Lead on Climate Action Noting that air pollution in Asian cities poses multiple http://dlvr.it/PgqztT,positive
2017-08-22 07:39:16,ASIA | AS — Cities Continue to Lead on Climate Action - Noting that air pollution in Asian cities poses multiple… http://dlvr.it/PglMXg,PairsonnalitesU,ASIA AS Cities Continue to Lead on Climate Action Noting that air pollution in Asian cities poses multiple http://dlvr.it/PglMXg,positive
2017-08-21 23:35:22,ASIA | AS — Cities Continue to Lead on Climate Action - Noting that air pollution in Asian cities poses multiple… http://dlvr.it/Pgh0vY,PairsonnalitesU,ASIA AS Cities Continue to Lead on Climate Action Noting that air pollution in Asian cities poses multiple http://dlvr.it/Pgh0vY,positive
2017-08-21 10:10:08,Air pollution = 'very high' = nice sunset... *cough cough* #pollution #sunset #pearlriverdelta… https://www.instagram.com/p/BYDU5g3DyQz/,KevForkan,Air pollution 'very high nice sunset.. *cough cough #pollution #sunset #pearlriverdelta https://www.instagram.com/p/BYDU5g3DyQz/,positive
2017-07-13 08:10:09,MWASIA — China is building the world's first 'forest city' to combat air pollution- More than a million people… http://dlvr.it/PVF9jm,PairsonnalitesU,MWASIA China is building the world's first 'forest city to combat air pollution More than a million people http://dlvr.it/PVF9jm,positive
2017-07-12 20:09:07,MWASIA — China is building the world's first 'forest city' to combat air pollution- More than a million people… http://dlvr.it/PV7TCt,PairsonnalitesU,MWASIA China is building the world's first 'forest city to combat air pollution More than a million people http://dlvr.it/PV7TCt,positive
2017-07-12 08:08:37,MWASIA — China is building the world's first 'forest city' to combat air pollution http://dlvr.it/PTzydN,PairsonnalitesA,MWASIA China is building the world's first 'forest city to combat air pollution http://dlvr.it/PTzydN,positive
2017-07-12 08:08:11,MWASIA — China is building the world's first 'forest city' to combat air pollution- More than a million people… http://dlvr.it/PTzyRw,PairsonnalitesU,MWASIA China is building the world's first 'forest city to combat air pollution More than a million people http://dlvr.it/PTzyRw,positive
2017-07-11 18:02:18,ASIA — China is building the world's first 'forest city' to combat air pollution- More than a million people die… http://dlvr.it/PTrr2Q,PairsonnalitesU,ASIA China is building the world's first 'forest city to combat air pollution More than a million people die http://dlvr.it/PTrr2Q,positive
2017-07-11 16:34:06,#Stigmabase | AS — China is building the world's first 'forest city' to combat air pollution http://dlvr.it/PTqxjj,PairsonnalitesA,#Stigmabase AS China is building the world's first 'forest city to combat air pollution http://dlvr.it/PTqxjj,positive
2017-07-11 10:00:08,ASIA — China is building the world's first 'forest city' to combat air pollution- More than a million people die… http://dlvr.it/PTlkZR,PairsonnalitesU,ASIA China is building the world's first 'forest city to combat air pollution More than a million people die http://dlvr.it/PTlkZR,positive
2017-07-11 04:33:40,#Stigmabase | AS — China is building the world's first 'forest city' to combat air pollution http://dlvr.it/PThykG,PairsonnalitesA,#Stigmabase AS China is building the world's first 'forest city to combat air pollution http://dlvr.it/PThykG,positive
2017-07-11 01:59:10,ASIA — China is building the world's first 'forest city' to combat air pollution http://dlvr.it/PTgr1L,PairsonnalitesA,ASIA China is building the world's first 'forest city to combat air pollution http://dlvr.it/PTgr1L,positive
2017-07-11 01:59:08,ASIA — China is building the world's first 'forest city' to combat air pollution- More than a million people die… http://dlvr.it/PTgqyW,PairsonnalitesU,ASIA China is building the world's first 'forest city to combat air pollution More than a million people die http://dlvr.it/PTgqyW,positive
2017-07-10 22:32:12,#Stigmabase | AS — China is building the world's first 'forest city' to combat air pollution http://dlvr.it/PTfFdf,PairsonnalitesA,#Stigmabase AS China is building the world's first 'forest city to combat air pollution http://dlvr.it/PTfFdf,positive
2017-06-15 06:07:04,MWASIA — China's Factories Break Air Pollution Rules - Environmental inspections began last November in reaction… http://dlvr.it/PMQDSZ,PairsonnalitesU,MWASIA China's Factories Break Air Pollution Rules Environmental inspections began last November in reaction http://dlvr.it/PMQDSZ,neutral
2017-06-14 18:06:37,MWASIA — China's Factories Break Air Pollution Rules - Environmental inspections began last November in reaction… http://dlvr.it/PMHhxB,PairsonnalitesU,MWASIA China's Factories Break Air Pollution Rules Environmental inspections began last November in reaction http://dlvr.it/PMHhxB,neutral
2017-06-14 06:05:05,MWASIA — China's Factories Break Air Pollution Rules http://dlvr.it/PM87KK,PairsonnalitesA,MWASIA China's Factories Break Air Pollution Rules http://dlvr.it/PM87KK,neutral
2017-06-14 06:05:03,MWASIA — China's Factories Break Air Pollution Rules - Environmental inspections began last November in reaction… http://dlvr.it/PM87DP,PairsonnalitesU,MWASIA China's Factories Break Air Pollution Rules Environmental inspections began last November in reaction http://dlvr.it/PM87DP,neutral
2017-06-13 14:47:05,ASIA — China's Factories Break Air Pollution Rules http://dlvr.it/PLzMjF,PairsonnalitesA,ASIA China's Factories Break Air Pollution Rules http://dlvr.it/PLzMjF,neutral
2017-06-13 14:46:07,ASIA — China's Factories Break Air Pollution Rules - Environmental inspections began last November in reaction to a… http://dlvr.it/PLzMcq,PairsonnalitesU,ASIA China's Factories Break Air Pollution Rules Environmental inspections began last November in reaction to a http://dlvr.it/PLzMcq,neutral
2017-06-13 13:34:11,#Stigmabase | AS — China's Factories Break Air Pollution Rules http://dlvr.it/PLyXL8,PairsonnalitesA,#Stigmabase AS China's Factories Break Air Pollution Rules http://dlvr.it/PLyXL8,neutral
2017-06-13 06:45:09,ASIA — China's Factories Break Air Pollution Rules - Environmental inspections began last November in reaction to a… http://dlvr.it/PLtSpy,PairsonnalitesU,ASIA China's Factories Break Air Pollution Rules Environmental inspections began last November in reaction to a http://dlvr.it/PLtSpy,neutral
2017-06-13 06:45:08,ASIA — China's Factories Break Air Pollution Rules http://dlvr.it/PLtSpY,PairsonnalitesA,ASIA China's Factories Break Air Pollution Rules http://dlvr.it/PLtSpY,neutral
2017-06-13 03:33:58,#Stigmabase | AS — China's Factories Break Air Pollution Rules http://dlvr.it/PLryCS,PairsonnalitesA,#Stigmabase AS China's Factories Break Air Pollution Rules http://dlvr.it/PLryCS,neutral
2017-06-12 22:44:17,ASIA — China's Factories Break Air Pollution Rules http://dlvr.it/PLpgbz,PairsonnalitesA,ASIA China's Factories Break Air Pollution Rules http://dlvr.it/PLpgbz,neutral
2017-06-12 22:44:15,ASIA — China's Factories Break Air Pollution Rules - Environmental inspections began last November in reaction to a… http://dlvr.it/PLpgZL,PairsonnalitesU,ASIA China's Factories Break Air Pollution Rules Environmental inspections began last November in reaction to a http://dlvr.it/PLpgZL,neutral
2017-06-12 21:32:22,#Stigmabase | AS — China's Factories Break Air Pollution Rules http://dlvr.it/PLnzx7,PairsonnalitesA,#Stigmabase AS China's Factories Break Air Pollution Rules http://dlvr.it/PLnzx7,neutral
2017-05-17 14:41:03,In an evening with serious air pollution index. #hongkongscenery… https://www.instagram.com/p/BUMnmOyjoYEybNq0QHiJt8B9cqHjt2LSk2uNfs0/ …,zhoujiejiejie,In an evening with serious air pollution index #hongkongscenery https://www.instagram.com/p/BUMnmOyjoYEybNq0QHiJt8B9cqHjt2LSk2uNfs0 …,negative
2017-05-10 05:53:36,HKFP: Smog alert: ‘Serious’ air pollution in Hong Kong as airport levels exceed maximum http://j.mp/2qpAsSC pic.twitter.com/CSup0S9pKS,hongkong_news,HKFP Smog alert ‘Serious air pollution in Hong Kong as airport levels exceed maximum http://j.mp/2qpAsSC pic.twitter.com/CSup0S9pKS,negative
2017-05-05 22:45:17,Good morning Hazy day! #HK #airpollution @Hong Kong–Macau Ferry Terminal https://www.instagram.com/p/BTuleRWB4l5/,GKCsSaladcc,Good morning Hazy day #HK #airpollution Kong–Macau Ferry Terminal https://www.instagram.com/p/BTuleRWB4l5/,positive
2017-04-15 16:49:56,imported smog _ #sanimal #vsco #smog #hongkong #airpollution @Kwun Tong Promenade https://www.instagram.com/p/BS6c6NSDpDh/,nomiskrap,imported smog #sanimal #vsco #smog #hongkong #airpollution Tong Promenade https://www.instagram.com/p/BS6c6NSDpDh/,neutral
2017-01-12 12:20:58,Entering the exhaust pipe of China - severe air pollution affecting everyone in it's path. In… https://www.instagram.com/p/BPKgMGsAPCW/,timesnaps,Entering the exhaust pipe of China severe air pollution affecting everyone in it's path In https://www.instagram.com/p/BPKgMGsAPCW/,neutral
2016-12-14 08:25:18,#Healthy #lifestyle needs a #clean #unpolluted #air. Thank you #blueair! #airpollution #hongkong… https://www.instagram.com/p/BN_aLgxjTEd/,mareknebesar,#Healthy #lifestyle needs a #clean #unpolluted #air Thank you #blueair #airpollution #hongkong https://www.instagram.com/p/BN_aLgxjTEd/,positive
2016-12-13 09:15:13,HKFP: Chengdu authorities clamp down on air pollution reporting following protests http://j.mp/2gUGVwE pic.twitter.com/og1NVxPnUz,hongkong_news,HKFP Chengdu authorities clamp down on air pollution reporting following protests http://j.mp/2gUGVwE pic.twitter.com/og1NVxPnUz,negative
2016-09-27 00:40:35,7:45am walking to work. Flags up for National week Air pollution morning today.… https://www.instagram.com/p/BK1u_cLhGjU/,tindybobo,7:45am walking to work Flags up for National week Air pollution morning today. https://www.instagram.com/p/BK1u_cLhGjU/,neutral
2016-09-26 23:42:03,The air pollution in HK is ridiculous. (@Infosys Consulting in Central Hong Kong) https://www.swarmapp.com/c/8zk9f3zLFtH pic.twitter.com/2nFlSX1ZoL,RodvanBuuren,The air pollution in HK is ridiculous ( Consulting in Central Hong Kong https://www.swarmapp.com/c/8zk9f3zLFtH pic.twitter.com/2nFlSX1ZoL,negative
2016-06-23 11:04:57,"Say what you want, China walks the talk investing in green tech @BYDCompany electric cars reducing air pollution. pic.twitter.com/13bkZGJfMa",NilsCrusius,Say what you want China walks the talk investing in green tech electric cars reducing air pollution pic.twitter.com/13bkZGJfMa,negative
2016-06-17 11:22:29,Tiger Beer x Air-Ink. Artwork is made with Ink from Air Pollution. #TIGERAirInk #Tigerbeerhk… https://www.instagram.com/p/BGwPXnqNhAT/,HkEpicurus,Tiger Beer x Air-Ink Artwork is made with Ink from Air Pollution #TIGERAirInk #Tigerbeerhk https://www.instagram.com/p/BGwPXnqNhAT/,neutral
2016-04-05 04:11:20,Repulse Bay remains beautiful even with excessive air pollution. #repulsebay #hk #hkig @淺水灣泳灘… https://www.instagram.com/p/BDzf_9ivRyX/,alyybongo,Repulse Bay remains beautiful even with excessive air pollution #repulsebay #hk #hkig @淺水灣泳灘 https://www.instagram.com/p/BDzf_9ivRyX/,positive
2015-10-16 11:23:37,Air pollution fashion | #pollution #mask #hongkong #china #holidays #trip #pose #evisu #pose #fashion… https://instagram.com/p/85YvnRC2bY/,MiguelFernanx2,Air pollution fashion #pollution #mask #hongkong #china #holidays #trip #pose #evisu #pose #fashion https://instagram.com/p/85YvnRC2bY/,neutral
2015-10-11 05:48:45,"@GreeGreeHoist yep! Funny lady.... We did a dawn thing here once, wow the Air pollution made the sunrise beautiful.. But dont recommend it!",soundman2k,yep Funny lady... We did a dawn thing here once wow the Air pollution made the sunrise beautiful. But dont recommend it!,positive
2015-08-21 12:03:44,Now it is 10/10. Meaning that literally we should not go out #hongkong #airpollution @Central… https://instagram.com/p/6pQ0jrnquP/,farkao,Now it is 10/10 Meaning that literally we should not go out #hongkong #airpollution https://instagram.com/p/6pQ0jrnquP/,neutral
2015-08-14 15:04:52,Page Unknown: Hong Kong #lostintime #lostinspace #hongkong #lightpollution #ugh #airpollution… https://instagram.com/p/6Xj-xupvw3/,itmefran,Page Unknown Hong Kong #lostintime #lostinspace #hongkong #lightpollution #ugh #airpollution https://instagram.com/p/6Xj-xupvw3/,negative
2015-08-08 06:26:59,Catching some rooftop rays and heavy urban air pollution #hongkong #haze #summer #sun #love @… https://instagram.com/p/6HL8pgmigw/,hookedontechno,Catching some rooftop rays and heavy urban air pollution #hongkong #haze #summer #sun #love @ https://instagram.com/p/6HL8pgmigw/,positive
2015-04-30 02:22:41,"need some fresh air, pollution going crazy here >.<",mayatiw0el,need some fresh air pollution going crazy here >.<,negative
2015-04-13 11:36:43,Should I worry? Sollte ich mich sorgen? #hongkong #smog #air #pollution #travel #instatravel @Tsim… https://instagram.com/p/1aeY1yN-wS/,katinkerbella,Should I worry Sollte ich mich sorgen #hongkong #smog #air #pollution #travel #instatravel https://instagram.com/p/1aeY1yN-wS/,neutral
2015-03-22 02:18:57,Lol minus the air pollution HK rocks pic.twitter.com/QxcleNrN0n,ReagsRenee,Lol minus the air pollution HK rocks pic.twitter.com/QxcleNrN0n,positive
2015-03-04 05:25:03,Under the Dome by Chai Jing is the next @algore #AnInconvenientTruth http://shanghaiist.com/2015/03/03/a_film_about_air_pollution.php … all about China's air pollution,ecostilleto,Under the Dome by Chai Jing is the next #AnInconvenientTruth http://shanghaiist.com/2015/03/03/a_film_about_air_pollution.php all about China's air pollution,neutral
2015-03-04 02:33:27,@DevaLee @BWaiC @krislc Hong Kong Air Pollution App for the iphone. Free. Gives you the pollution index by multiple countries.,PenguinSix,Hong Kong Air Pollution App for the iphone Free Gives you the pollution index by multiple countries.,positive
2015-02-15 09:44:01,"The Hong Kong AQHI (air pollution index, of sorts) is currently at the level of “clearly visible pollution”.",_kevinmp,The Hong Kong AQHI (air pollution index of sorts is currently at the level of “clearly visible pollution”.,positive
2015-02-09 15:27:25,“ @ianbremmer: Air Pollution China's cities are bad India's even worse pic.twitter.com/XVqUIBraiK” hell that is true,kmaaouni,Air Pollution China's cities are bad India's even worse pic.twitter.com/XVqUIBraiK hell that is true,negative
2015-01-25 07:11:39,Leaving Hong Kong for Philippines. Fine day for the Hong Kong Marathon but air pollution is bad for the runners pic.twitter.com/BvzT8IEAgw,simoncruddace,Leaving Hong Kong for Philippines Fine day for the Hong Kong Marathon but air pollution is bad for the runners pic.twitter.com/BvzT8IEAgw,negative
2015-01-21 07:51:54,Filthy air returns again. Can't wait for the winter monsoon to end. #Macau #China #air #pollution… http://instagram.com/p/yG7en-qTEQ/,lmlienau,Filthy air returns again Can't wait for the winter monsoon to end #Macau #China #air #pollution http://instagram.com/p/yG7en-qTEQ/,negative
2015-01-13 11:36:59,And is cow dung the main source of air pollution locally? Burning of cow dung prohibited near yellowing Taj Mahal http://m.bbc.com/news/world-asia-india-30791678 …,genascihk,And is cow dung the main source of air pollution locally Burning of cow dung prohibited near yellowing Taj Mahal http://m.bbc.com/news/world-asia-india-30791678 …,neutral
